编号,时间,危害级别,漏洞描述,标题
,,,,
Add ,2018-03-23,高危,,ModSecurityWAF3.0forNginx-DenialofService
Add ,2018-03-16,高危,,EtcdRESTAPI未授权访问漏洞
Add ,2018-03-16,高危,,VisualStudioCoderemotecodeexecutionvulnerability
CVE-2018-1327,2018-03-27,中危,,ApacheStruts2S2-056(CVE-2018-1327)
CVE-2018-8045,2018-03-12,高危,,Joomla内核SQL注入漏洞（CVE-2018-8045)
CVE-2018-0171,2017-05-13,高危,,CiscoSmartInstallRemoteCodeExecution(CVE-2018-0171)
CVE-2018-7600,2018-03-28,高危,,DrupalcoreRemoteCodeExecution(CVE-2018-7600)(Drupalgeddon2)
CVE-2017-3066,2018-03-13,高危,,AdobeColdFusion反序列化漏洞（CVE-2017-3066）
CVE-2018-5708,2018-04-02,高危,,DLinkDIR-601-AdminPasswordDisclosure(CVE-2018-5708)
CVE-2018-9175,2018-04-01,中危,,DedecmsV5.7后台的两处getshell(CVE-2018-9175)
CVE-2017-6926,Unknown,中危,,Drupal8–CVE-2017-6926漏洞详解
CVE-2018-8941,2018-04-03,高危,,D-LinkDSL-3782Codeexecution(CVE-2018-8941)
Add ,Unknown,中危,,MetInfo6.0.0代码执行漏洞（后台直接拿shell）
CVE-2018-1270,2018-04-05,高危,,spring-messagingRemoteCodeExecution(CVE-2018-1270)
Add ,Unknown,高危,,CiscoSmartInstallProtocolMisuse
Add ,Unknown,中危,,Catfishcms_v4.7.18后台存储型XSS漏洞
Add ,2018-04-09,高危,,ShenzhenTVTDigitalTechnologyCo.Ltd&OEM{DVR/NVR/IPC}APIRCE
Add ,Unknown,中危,,EAadmin极简社区存在XSS存储型漏洞
Add ,Unknown,中危,,Dedecms后台任意文件上传漏洞
Add ,Unknown,中危,,EAadmin极简社区存在XSS反射型漏洞
CVE-2018-0492,2018-04-12,高危,,HoleyBeep:Linux提权漏洞分析与利用(CVE-2018-0492)
CVE-2017-12121,2017-11-15,高危,,MoxaEDR-810WebRSAKeyGenerationCommandInjectionVulnerability(CVE-2017-12121)
CVE-2017-12123,2017-11-15,中危,,MoxaEDR-810CleartextTransmissionofPasswordVulnerability(CVE-2017-12123)
"CVE-2017-14432,CVE-2017-14433,CVE-2017-14434",2017-11-15,中危,,MoxaEDR-810WebServerOpenVPNConfigMultipleCommandInjectionVulnerabilities(CVE-2017-14432-CVE-2017-14434)
"CVE-2017-14435,CVE-2017-14436, CVE-2017-14437",2017-11-15,中危,,MoxaEDR-810WebServerstrcmpMultipleDenialofServiceVulnerabilities(CVE-2017-14435-CVE-2017-14437)
CVE-2017-12126,2017-11-15,中危,,MoxaEDR-810WebServerCross-SiteRequestForgeryVulnerability(CVE-2017-12126)
CVE-2017-12127,2017-11-15,低危,,MoxaEDR-810PlaintextPasswordStorageVulnerability(CVE-2017-12127)
CVE-2017-12124,2017-11-15,中危,,MoxaEDR-810WebServerURIDenialofServiceVulnerability(CVE-2017-12124)
"CVE-2017-14438,CVE-2017-14439",2017-11-30,中危,,MoxaEDR-810ServiceAgentMultipleDenialofServiceVulnerabilities(CVE-2017-14438-CVE-2017-14439)
CVE-2017-12128,2017-11-15,中危,,MoxaEDR-810ServerAgentInformationDisclosureVulnerability(CVE-2017-12128)
CVE-2017-12120,2017-11-15,高危,,MoxaEDR-810WebServerpingCommandInjectionVulnerability(CVE-2017-12120)
CVE-2017-12129,2017-11-15,低危,,MoxaEDR-810WebServerWeakCryptographyforPasswordsVulnerability(CVE-2017-12129)
CVE-2017-12125,2017-11-15,高危,,MoxaEDR-810WebServerCertificateSigningRequestCommandInjectionVulnerability(CVE-2017-12125)
Add ,2018-04-16,高危,,Thinkphp3.2.3最新版update注入漏洞
Add ,Unknown,高危,,Catfish(鲶鱼)BlogV1.3.15存储型xss
CVE-2018-2628,2018-04-18,高危,,Weblogic反序列化远程代码执行漏洞(CVE-2018-2628)
"CVE-2018-1000130,CVE-2018-1000129",2018-04-18,高危,,"JolokiaVulnerabilities-RCE&XSS(CVE-2018-1000130,CVE-2018-1000129)"
CVE-2018-1273,Unknown,高危,,CVE-2018-1273:RCEwithSpringDataCommons
Add ,Unknown,中危,,MajorBrandsSonos®andBose®MultipleVulnerabilities
Add ,2017-09-01,中危,,SeagatePersonalCloudallowsmovingofarbitraryfiles
CVE-2017-17309,2017-10-22,高危,,ServerDirectoryTraversalatHuaweiHG255s(CVE-2017-17309)
CVE-2017-5641,2018-04-18,高危,,VigorACSUnsafeFlexAMFJavaObjectDeserialization(CVE-2017-5641)
,,,,
Add ,2018-04-22,高危,,TerraMasterTOSUnauthenticatedRemoteCommandExecution
Add ,2018-04-22,中危,,NETSCRAPEDEXPLOITTOOL
CVE-2018-7602,2018-04-25,高危,,DrupalcoreRemoteCodeExecution(CVE-2018-7602)
CVE-2018-10376,2018-04-25,高危,,NewproxyOverflowBuginMultipleERC20SmartContracts(CVE-2018-10376)
CVE-2018–10299,2018-04-22,高危,,NewbatchOverflowBuginMultipleERC20SmartContracts(CVE-2018–10299)
Add ,Unknown,中危,,WordPressPluginFileUpload4.3.3-StoredCross-SiteScripting(PoC)
Add ,Unknown,中危,,phpyun重装getshell
Add ,Unknown,高危,,HeatmiserWiFithermostatvulnerabilities
CVE-2015-8258,Unknown,中危,,AXISCommunications-Cross-SiteScripting/ContentInjection(CVE-2015-8258)
Add ,Unknown,高危,,"SQLi,XSSzero-daysexposeBelkinIoTdevices,Androidsmartphones"
Add ,Unknown,高危,,MultiplecriticalvulnerabilitiesinAGFEOsmarthomeES5xx/6xxproducts
Add ,2015-03-12,中危,,MultiplevulnerabilitiesinLoxoneSmartHome
"CVE-2017-17745, CVE-2017-17746, CVE-2017-17747",2017-12-19,中危,,"MultipleVulnerabilitiesinTP-LinkTL-SG108E(CVE-2017-17745,CVE-2017-17746,CVE-2017-17747)"
CVE-2017-14335,2017-09-11,高危,,HanbanggaokeIPCameraArbitraryPasswordChange(CVE-2017-14335)
"CVE-2018-10561,CVE-2018-10562",Unknown,高危,,CriticalRCEVulnerabilityFoundinOveraMillionGPONHomeRouters
"CVE-2018-8733,CVE-2018-8734,CVE-2018-8735,CVE-2018-8736",2018-04-30,高危,,MultipleVulnerabilitiesinNagiosXI
CVE-2018-9995,2018-04-30,高危,,TBKDVRLoginBypass(CVE-2018-9995)
CVE-2018-9919,2018-04-28,高危,,BackdoorinTpshop<=2.0.8(CVE-2018-9919)
Add ,Unknown,中危,,GitList0.6RemoteCodeExecution
Add ,Unknown,中危,,Vlcmsxss漏洞
Add ,Unknown,中危,,YXcms后台SQL注入漏洞
Add ,2018-05-03,高危,,NagiosXI<=5.4.12SQLinjection#1
Add ,2018-05-03,高危,,NagiosXI<=5.4.12SQLinjection#2
Add ,2018-05-03,高危,,NagiosXI<=5.4.12SQLinjection#3
Add ,2018-05-03,高危,,NagiosXI<=5.4.12SQLinjection#4
Add ,Unknown,中危,,Exim<4.90.1-base64dRemoteCodeExecution（CVE-2018-6789）
Add ,Unknown,中危,,TPLINKTLWR740N路由器远程代码执行漏洞(CVE-2017-13772)
Add ,Unknown,高危,,"BrilliantTSFUZEcard(MCUfirmware0.1.73,BLEfirmware0.7.4)Vulnerability"
Add ,Unknown,高危,,PwningCCTVcameras
CVE-2017-7728,2017-07-13,高危,,AuthenticationBypassallowsalarm'scommandsexecutioniniSmartAlarm(CVE-2017-7728)
CVE-2016-5674-CVE-2016-5680,2016-04-08,高危,,"Multipleremotevulnerabilities(RCE,bof)inNuuoNVRandNETGEARSurveillance"
Add ,2016-12-06,高危,,BACKDOORINSONYIPELAENGINEIPCAMERAS
,,,,
Add ,2017-01-01,高危,,WesternDigitalMyCloudvulnerabletomultiplecommandinjectionvulnerabilities
Add ,2016-10-21,高危,,AuthenticationbypassvulnerabilityinWesternDigitalMyCloud
CVE-2017-7728,2017-01-30,中危,,DenialofServiceiniSmartAlarm(CVE-2017-7728)
Add ,2014-07-09,中危,,HackingLIFXSmartLEDLightbulbstostealWiFiPasswords
Add ,2017-10-18,中危,,Trackingtensofthousandsofkidsworldwide
Add ,Unknown,中危,,Homesecuritycameraisn’tsecure.SpotCaminthespotlight
CVE-2018-5347,2018-01-11,高危,,SeagatePersonalCloudMultipleVulnerabilities(CVE-2018-5347)
Add ,2017-09-25,高危,,DJISparkhijacking
CVE-2018-10734,2018-05-04,高危,,KONGTOPDVR后门分析(CVE-2018-10734)
CVE-2017-17974,2017-12-29,高危,,SCADASBAS920&ISC2000CredentialsExposed(CVE-2017-17974)
CVE-2018-1260,2018-05-09,高危,,RCEwithspring-security-oauth2分析(CVE-2018-1260)
"CVE-2017-14728,CVE-2017-14850~CVE-2017-14854",2018-02-07,高危,,SiteOmatStationAutomationSoftwareMultipleVulnerabilities
,,,,
CVE-2018-1111,2018-05-15,高危,,DHCPClientScriptCodeExecutionVulnerability(CVE-2018-1111)
"CVE-2017-17688,CVE-2017-17689",Unknown,中危,,"OpenPGP、S/MIMEinformationdisclosure(CVE-2017-17688,CVE-2017-17689)"
Add ,Unknown,中危,,乐尚商城1.5.0后台任意sql语句执行漏洞
CVE-2018-4996,2018-01-23,中危,,AdobeAcrobatReaderDCNet.Discovery.queryServicesRemoteCodeExecutionVulnerability(CVE-2018-4996)
CVE-2018-4947,2018-01-23,中危,,AdobeAcrobatReaderDCANFancyAlertImplRemoteCodeExecutionVulnerability(CVE-2018-4947)
CVE-2017-14474~CVE-2017-14481,2017-12-07,高危,,Multi-MasterReplicationManagerforMySQLmmm_agentdRemoteCommandInjectionVulnerabilities
CVE-2018-3851,2018-02-27,高危,,HylandPerceptiveDocumentFiltersMicrosoftWordCDATACodeExecutionVulnerability(CVE-2018-3851)
CVE-2018-3844,2018-02-22,高危,,HylandPerceptiveDocumentFiltersDOCXtoHTMLCodeExecutionVulnerability(CVE-2018-3844)
CVE-2018-3845,2018-02-22,高危,,HylandPerceptiveDocumentFiltersOpenDocumenttoJPEGconversionSkCanvasCodeExecutionvulnerability(CVE-2018-3845)
CVE-2018-3855,2018-03-16,高危,,HylandPerceptiveDocumentFiltersDOCtoHTMLupdateNumberingCodeExecutionVulnerability(CVE-2018-3855)
CVE-2018-3853,2018-03-05,高危,,FoxitPDFReaderJavaScriptcreateTemplateRemoteCodeExecutionVulnerability(CVE-2018-3853)
CVE-2017-14458,2017-12-12,高危,,FoxitPDFReaderJavascriptSearchQueryRemoteCodeExecutionVulnerability(CVE-2017-14458)
CVE-2018-3850,2018-02-26,高危,,FoxitPDFReaderJavaScriptXFACloneRemoteCodeExecutionVulnerability(CVE-2018-3850)
CVE-2018-3843,2018-02-12,中危,,FoxitPDFReaderAssociatedFileAnnotationTypeConfusion(CVE-2018-3843)
CVE-2018-3842,2018-02-12,高危,,FoxitPDFReaderJavaScriptsetPersistentRemoteCodeExecutionVulnerability(CVE-2018-3842)
CVE-2017-2871,2017-07-13,高危,,FoscamIPVideoCameraFirmwareRecoveryUnsignedImageVulnerability(CVE-2017-2871)
CVE-2018-1000049,2018-02-09,高危,,ClaymoreDualMinerRemoteCodeExecution(CVE-2018-1000049)
CVE-2018-8120,Unknown,高危,,MicrosoftWindowsKernel'Win32k.sys'LocalPrivilegeEscalationVulnerability(CVE-2018-8120)
Add ,2018-05-20,高危,,AdobeEnterpriseManager(AEM)<6.3-RemoteCodeExecution
Add ,Unknown,中危,,semcms外贸网站管理系统php2.7版本sql注入
Add ,Unknown,高危,,Axublog1.1.0存在sql注入漏洞
Add ,2018-05-24,中危,,UEditorSSRF漏洞(JSP版本)分析与复现
Add ,Unknown,高危,,feifeicms前台任意文件读取
Add ,Unknown,中危,,semcmsphpv2.7sql注入
CVE-2018-11220,2018-05-27,高危,,BitmainAntminerD3/L3+/S9-RemoteCommandExecution(CVE-2018-11220)
CVE-2018-1418,2018-05-28,高危,,QRadarRemoteCommandExecution(CVE-2018-1418)
,,,,
Add ,2018-05-27,高危,,TP-LinkTL-WR840N/TL-WR841N-AuthenticatonBypass
CVE-2018-10468 ,2018-04-28,高危,,NewtransferFlawBugUsedForPossibleScamTokenListedInATopExchange(CVE-2018-10468)
CVE-2018-10705,2018-05-03,高危,,NewownerAnyoneBugAllowsForAnyoneto''Own''CertainERC20-BasedSmartContracts(CVE-2018-10705)
CVE-2018-10706,2018-05-10,高危,,NewmultiOverflowBugIdentifiedinMultipleERC20SmartContracts(CVE-2018-10706)
CVE-2018-11239,2018-05-18,高危,,NewburnOverflowBugIdentifiedinMultipleERC20SmartContracts(CVE-2018-11239)
"CVE-2018-11397, CVE-2018-11398",2018-05-23,高危,,"NewallowAnyoneBugIdentifiedinMultipleERC20SmartContracts(CVE-2018-11397,CVE-2018-11398)"
Add ,Unknown,中危,,PHPMyWind5.5前台存在sql注入，可重置管理员密码
Add ,Unknown,高危,,youke365V1.0.7最新版前台SQL注入
Add ,Unknown,中危,,DuomiCMS前台SQL注入
